timestamp,brief,suggested_titles,generated_script,user_feedback
2025-05-08 14:50:14,"Konu: ek gelir elde etme yolları 2025
Hedef kitle: internetten para kazanmak isteyen insanlar
Hedef süre: 20 dakika
Stil tercihi: Bilgilendirici
Giriş stratejisi: Vaad/teklif
Örnek video formülü: Sorun/Çözüm Odaklı (Problem Agitate Solve)","['1. ""2025\'e Hazırlanın: İnternetten Para Kazanmanın Yolları!""', '2. ""Geleceğe Yatırım Yapın: Ek Gelir Elde Etmenin Püf Noktaları""', '3. ""Hayalinizdeki Ek Geliri Kazanmanın Sırları - 20 Dakikada Öğrenin!""']","**Video Scripti:**

**Giriş:**

*Fatih Çoban’ın sesinden açılış müziği ve intro geçişi*

Fatih Çoban: Merhaba gençler! Bugün çok önemli bir konuyu ele alacağız: ek gelir elde etme yolları 2025 için en etkili stratejiler neler? Ben Fatih Çoban, bugün sizlere internetten para kazanma konusunda değerli bilgiler vereceğim. Bu videoyu sonuna kadar izleyin, çünkü harika fırsatlar keşfedeceksiniz!

1. **Şok Edici Başlangıç:**

Fatih Çoban: Dijital pazarlamanın %90’ı aslında işe yaramıyor! Peki, gerçekten hangi stratejiler işe yarıyor? İşte bu videoda cevabını bulacaksınız!

2. **Otorite İnşası:**

Fatih Çoban: Ben Fatih Çoban, uzun yıllardır dijital pazarlama ve online gelir konularında çalışıyorum. Bu alanda edindiğim bilgileri bugün sizinle paylaşacağım.

3. **Değer Vaadi:**

Fatih Çoban: Bu videoyu sonuna kadar izlediğinizde, internetten nasıl para kazanabileceğinizi adım adım öğrenecek ve geleceğe daha güvenle bakacaksınız. Haydi, başlayalım!

**Gelişme:**

1. **Sorun: Bilgi Eksikliği**

Fatih Çoban: İlk olarak karşılaşılan sorun, genellikle bilgi eksikliği oluyor. İnternetten para kazanma konusunda bilgi sahibi olmak çok önemli. Bu yüzden ilk adım, doğru kaynaklardan bilgi edinmek olmalı.

2. **Çözüm: Eğitim ve Araştırma**

Fatih Çoban: Kendinizi sürekli olarak geliştirmek için eğitim alın ve sektördeki yenilikleri takip edin. Ayrıca, doğru kaynaklardan araştırma yaparak kendinizi daha da ileriye taşıyabilirsiniz.

3. **Sorun: Motivasyon Eksikliği**

Fatih Çoban: Bir diğer sorun ise motivasyon eksikliği olabilir. İnternetten para kazanmak zor olabilir, ancak doğru motivasyonla her engeli aşabilirsiniz.

4. **Çözüm: Hedef Belirleme ve İleriye Bakma**

Fatih Çoban: Belirlediğiniz hedeflere ulaşmak için motivasyonunuzu sürekli canlı tutun. Hedeflerinizi belirleyin ve ileriye odaklanın. Bu şekilde her zorluğun üstesinden gelebilirsiniz.

5. **Sorun: Yanlış İnançlar**

Fatih Çoban: Yanlış inançlar da internetten para kazanma konusunda büyük engeller oluşturabilir. Kendinize inanın ve başarabileceğinize dair olumlu düşünceler geliştirin.

6. **Çözüm: Olumlu Düşünce ve Kendine Güven**

Fatih Çoban: Kendinize güvenin, olumlu düşünceyle hareket edin ve başarınızın önündeki tüm engelleri kaldırın. Siz de bu konuda başarılı olabilirsiniz!

**Sonuç:**

Fatih Çoban: Özetlemek gerekirse, internetten para kazanma konusunda başarılı olmak için bilgi, motivasyon ve doğru inançlara sahip olmak çok önemli. Bu videoyu izleyerek bu konuda adım atabilir ve hayallerinize bir adım daha yaklaşabilirsiniz. Unutmayın, her başarı yolculuğunda ilk adımı atmak size kalmış!

Hadi, bu değerli bilgileri uygulamaya dökme zamanı geldi! Unutmayın, başarılı olmak için harekete geçmek önemlidir. Hepinize başarılar dilerim!

*Fatih Çoban’ın sesinden kapanış müziği ve outro geçişi*",başlık için 2025 e hazırlık olamaz çünkü biz halihazırda 2025 mayıs ayındayız.  bence daha  staratejik içerikler oluşturabilirsin.
2025-05-08 16:44:01,"Konu: girişimcilik
Hedef kitle: internetten para kazanmak isteyen insanlar
Hedef süre: 15 dakika
Stil tercihi: Bilgilendirici
Giriş stratejisi: Curiosity gap
Örnek video formülü: Sorun/Çözüm Odaklı (Problem Agitate Solve)","['1. ""İnternetten Para Kazanmanın Yolları: Girişimcilik Rehberi""', '2. ""Başarılı Girişimcilerin Sırları: İnternetten Para Kazanma Yolları""', '3. ""15 Dakikada Girişimcilik: İnternetten Para Kazanmanın Püf Noktaları""']","**Video Başlığı: ""İnternetten Para Kazanmanın Sırları - Genç Girişimciler İçin Kılavuz""**

**Giriş:**

Merhaba genç girişimciler! Bugün sizlere internetten para kazanmanın sırlarını paylaşacağım. Dünya genelinde hızla yayılan dijital çağda, siz de bu fırsatlardan nasıl yararlanabileceğinizi merak ediyor olabilirsiniz. Bu videoyu hazırlamak için uzun araştırmalar yaptım ve kendi deneyimlerimle destekledim. İşte karşınızda, internetten para kazanmanın altın kuralları!

**Gelişme:**

1. **Problem: Bilgi Eksikliği**
   - İnternetten para kazanmak konusunda nereden başlayacağınızı bilmiyor olabilirsiniz. Bu durumda, öncelikle kendinizi eğitmek ve doğru kaynaklara ulaşmak önemli.
   - Ben de bu yolda birçok engel ile karşılaştım. Ancak, doğru araştırmalar yaparak ve deneyimlerimi paylaşarak bu yolda ilerleyebildim.
   - Eğitim videoları, online dersler ve kitaplar gibi kaynaklardan faydalanarak bilgi eksikliğinizi giderebilirsiniz.

2. **Problem: Motivasyon Eksikliği**
   - İnternetten para kazanmak uzun bir süreç olabilir ve motivasyonunuzu kaybetmek kolaydır. Ancak, hedeflerinizi belirleyip adım adım ilerledikçe motivasyonunuzu koruyabilirsiniz.
   - Ben de bazen motivasyon eksikliği yaşadım. Ancak, hedeflerime odaklanarak ve başarı hikayelerini okuyarak kendimi motive ettim.
   - Hedeflerinizi belirleyin, küçük adımlarla ilerleyin ve her başarıya odaklanarak motivasyonunuzu koruyun.

3. **Problem: Fırsatları Görememe**
   - İnternet dünyasında birçok fırsat olabilir ancak bunları görmek ve değerlendirmek önemli. Bu noktada, araştırma yapmak ve trendleri takip etmek büyük önem taşır.
   - Ben de başlangıçta fırsatları görememe sorunu yaşadım. Ancak, sektör analizleri yaparak ve trendleri takip ederek bu sorunu aştım.
   - Fırsatları görebilmek için sektör analizleri yapın, trendleri takip edin ve açık fikirli olun.

**Sonuç:**

Genç girişimciler, internetten para kazanmanın sırlarını öğrendiniz. Bilgiye erişim ve motivasyonunuzu koruyarak, fırsatları görebilme beceriniz ile başarılı olabilirsiniz. Unutmayın, hedeflerinizi belirleyin ve adım adım ilerleyin. Siz de bu yolda başarılı olabilirsiniz! Hadi şimdi harekete geçme zamanı. Unutmayın, her şey sizin elinizde!

Görüşmek üzere, hoşçakalın!","girişte direkt genç girişimciler olarak başlamana gerek yok bence. arkadaşlar daha sıcak kanlı olabilir.  Problemler daha da detaylandırılabilir bence. 3 problem yerine içsel - dışsal problemler olarak ayrı ayrı ele alınabilirler. gelişmede bu problem çözümlerinden sonra genel olarak direkt sonuca geçmek yerine konuyu biraz daha detaylandırabiliriz. Ek olarak sonuç kısmında tüm konuyu ele alıp problemleri ve çözümlerinden bahsedip harekete geçirici bir CTA lazım
"
